name,age,city,email
Hulda Bowman,37,Tajpuji,go@ara.la
Johnny Peterson,47,Wopipvu,to@hisokku.gu
Lois Steele,25,Jutubeh,fiw@wino.je
Kathryn Dennis,29,Gadefreg,po@mupfu.az
Harry Goodman,26,Juhusi,woluw@wanolu.cu
Christine Santiago,59,Butamuhi,ucdo@ohonbe.bf
Kyle Cross,34,Zamurpoz,iz@orizirpin.gl
Cody Stephens,23,Riznezga,ewzagwev@fucpo.eh
Eunice Berry,61,Ekmegise,ukube@adpisifu.co.uk
Micheal Marshall,32,Zubhabeb,ule@pud.sr
Mathilda Martinez,44,Zasmannuj,si@luuctal.cw
Edwin Garcia,40,Dapuwfo,elo@oz.ug
Edna Owens,32,Nujemim,udegobij@bewta.vu
Charles Duncan,50,Jiukike,bullumfug@liz.nu
Richard Ryan,44,Ikagfoj,hupit@pitdohme.eh
Charlie Herrera,29,Kareke,ov@ostew.ml
Rebecca Hopkins,31,Fawotoje,hercakaz@zofuda.il
Genevieve Dunn,50,Celosem,vorawpe@setac.aq
Lida Coleman,60,Kehjokel,mijzebzaz@hiki.cv
Sophie Graves,34,Utuwufem,car@saturpif.ve
Stanley Gibbs,23,Elogon,kig@pi.fi
Henrietta Roy,52,Rucoclem,firwezzi@muz.hr
Ola Terry,20,Lalicuh,jegselus@cedhuzgur.nu
Winnie Williams,57,Masgina,gijulola@iwiujeabo.pf
Barry Padilla,56,Obiwekac,le@ow.sx
Genevieve Jordan,45,Jemsipdal,ojweha@awu.ae
Sara Brady,49,Tugapep,vinac@tefom.ss
Rosetta Perez,31,Jebwehuw,pumgupan@mulpumdo.gov
Leo Stanley,44,Tucujer,judasole@pulsesu.jo
John Wilkerson,21,Nezoku,dovo@gihvofam.cr
Luke Quinn,58,Ivupijaju,puomesem@cobbapnik.nc
Stella Watkins,49,Beatle,deg@razudwak.zm
Estelle Jefferson,32,Venefwo,olhet@guswip.vg
Warren Brady,35,Derhoso,tutwav@gepwamga.de
Nina Blair,50,Gowewuh,vundobez@funucef.pk
Jimmy Bush,61,Ihvogam,puole@pamip.mh
Mattie Harvey,53,Ugkosu,ab@fib.tn
Elsie Moran,46,Ecmafa,sih@mosov.jo
Alma Gibbs,59,Jifaok,ico@jujoslo.ss
Anne Carter,57,Saneszi,zew@soleola.ls
Ricardo Fitzgerald,59,Tifene,or@cor.vi
Austin Rodriquez,25,Cigabjig,cu@kiz.bd
Wesley Rodgers,49,Jeccebe,map@ezwi.cz
Lois Willis,62,Wemahluc,joub@ni.hr
Michael Marsh,58,Ehhahgu,senmud@vih.lk
Jon Parker,34,Mijise,idaava@hoktokud.bv
Betty Myers,48,Potiaju,do@irri.bw
Edwin Burton,44,Wunbigtij,ajulo@ko.qa
Jerome Maldonado,19,Kuweore,naanuvi@he.gw
Charlie Bryan,27,Mesafzud,fewoj@ki.uy
Lula Steele,50,Beholi,fepcumwi@numamot.co.uk
Ann Schmidt,33,Zuttopa,mif@kean.im
Dora Huff,51,Tocnetim,iwser@ni.cx
Manuel Joseph,33,Udbaap,woghof@za.bj
Vernon Tran,53,Sulgudog,ladouf@olovone.ci
Philip Houston,23,Uvolijpen,rizzacoc@bafziv.sc
Lina Mitchell,40,Ciwewoehi,vuhlol@kiv.nc
Beatrice Delgado,57,Iluverer,puh@zu.rw
Adele Conner,51,Terupebi,mot@habale.zm
Nellie Schultz,58,Opbuhad,emhohi@unziago.gh
Jesse Little,49,Ribonap,se@rueb.id
Olivia Delgado,32,Favadfa,usati@lunbaga.ke
Harold Thomas,20,Zovcijo,ma@lem.sk
Estelle Conner,51,Ajohoofu,nimapeju@mikifevi.om
Inez Dawson,35,Ethira,sakepe@hakfe.dj
Abbie Morton,23,Gukavuk,metof@savcoc.gf
Stephen Summers,58,Fagtihrul,zipsum@cehnub.nr
Landon Thomas,25,Kojucjak,ren@himkegniz.ws
Norman Neal,41,Luwbisow,kirna@imomi.fj
Cynthia Goodwin,47,Igvewso,go@jocgon.ee
Nettie Wilson,24,Ruwtotil,ru@ihiada.fr
Florence Strickland,43,Benelta,hizolhik@ra.ph
Ethan Spencer,20,Ucfimit,dop@abuwov.sk
Rosa Murray,27,Nuicipi,ho@pabsa.id
Barbara Sanders,18,Gudaunu,ez@oveidare.dm
Isabelle Terry,26,Viwmoviw,jawomo@zupi.lv
Jerome Wilkerson,34,Hepwetacu,vi@jo.ad
Mae Cook,26,Bihzojoh,nokuhe@hu.cl
Janie Dennis,45,Jakrezur,hedciati@ves.no
Harold Hicks,21,Mamabura,aho@wuow.bz
Leonard Pittman,27,Asafavil,apjelov@bowos.mg
Lola McDaniel,65,Ulufevot,zugagtup@to.mm
Cora Keller,49,Debsiuc,ha@biv.gu
Marguerite Mitchell,47,Fedoik,ilodi@kapi.zm
Hannah Baker,41,Acvemef,iza@dazo.gd
Louis Watts,42,Nuvuhsez,bure@nolazo.pg
Timothy Dean,59,Kewsoro,vica@balev.gf
Winnie Anderson,56,Sedbiwem,tuf@tier.sg
Gavin Silva,30,Pagamko,ca@jik.mq
Alma Bryan,49,Rubocab,jo@cazimtiw.ug
Randall Bradley,57,Vatrigak,ciuniko@hees.km
Dollie Gregory,31,Mibvusez,avson@lidhujop.vu
Alma Padilla,29,Mumnokjav,kuuzelu@mujejo.ai
Sue Carpenter,58,Junidroc,taweevi@uhimi.qa
Angel Santiago,55,Winezoz,tavdodab@suufpa.lu
Lucas Bass,50,Wiziipo,awo@wozzab.io
Harriett Reeves,56,Hotadut,ap@filwozmi.na
Mario Haynes,62,Watelep,rodjej@zisade.bn
Edna Hammond,23,Enhiwam,ihni@ef.me
Anne Todd,24,Wewgufig,vauhafut@wup.mm
